id_candidat;prenom;nom;sexe;date_naissance;id_twitter;compte_verifie;date_creation_compte;annee_election;date_premier_tour;nom_annee_election;nom_derniere_election;sortant;dissident;parti_vainqueur_presidentielles;resultat_election;nb_tweets_elec_period;nb_tweets_reserve_period;nb_tweets_last_week;nb_tweets_1st_concern;nb_tweets_2nd_concern;nb_tweets_3rd_concern;sum_likes_elec_period;max_likes_elec_period;avg_likes_elec_period;sum_likes_reserve_period;max_likes_reserve_period;avg_likes_reserve_period;sum_likes_last_week;max_likes_last_week;avg_likes_last_week;sum_likes_1st_concern;max_likes_1st_concern;avg_likes_1st_concern;sum_likes_2nd_concern;max_likes_2nd_concern;avg_likes_2nd_concern;sum_likes_3rd_concern;max_likes_3rd_concern;avg_likes_3rd_concern;sum_retweets_elec_period;max_retweets_elec_period;avg_retweets_elec_period;sum_retweets_reserve_period;max_retweets_reserve_period;avg_retweets_reserve_period;sum_retweets_last_week;max_retweets_last_week;avg_retweets_last_week;sum_retweets_1st_concern;max_retweets_1st_concern;avg_retweets_1st_concern;sum_retweets_2nd_concern;max_retweets_2nd_concern;avg_retweets_2nd_concern;sum_retweets_3rd_concern;max_retweets_3rd_concern;avg_retweets_3rd_concern
1;Sandrine;Adobati;F;1974-03-30;;;;2022;2022-06-12;DIV;DIV;False;False;LREM;False;0;0;0;0;0;0;0;0.0;0.0;0;0.0;0.0;0;0.0;0.0;0;0.0;0.0;0;0.0;0.0;0;0.0;0.0;0;0.0;0.0;0;0.0;0.0;0;0.0;0.0;0;0.0;0.0;0;0.0;0.0;0;0.0;0.0
2;Marie-Josee;Boulaire;F;1959-01-26;1.1301699829171855e+18;False;2019-05-01;2022;2022-06-12;RN;RN;False;False;LREM;False;0;0;0;0;0;0;0;0.0;0.0;0;0.0;0.0;0;0.0;0.0;0;0.0;0.0;0;0.0;0.0;0;0.0;0.0;0;0.0;0.0;0;0.0;0.0;0;0.0;0.0;0;0.0;0.0;0;0.0;0.0;0;0.0;0.0
3;Arnaud;Charvillat;M;1977-10-28;;;;2022;2022-06-12;DXG;DXG;False;False;LREM;False;0;0;0;0;0;0;0;0.0;0.0;0;0.0;0.0;0;0.0;0.0;0;0.0;0.0;0;0.0;0.0;0;0.0;0.0;0;0.0;0.0;0;0.0;0.0;0;0.0;0.0;0;0.0;0.0;0;0.0;0.0;0;0.0;0.0
4;Fran�ois-Marie;Didier;M;1980-10-03;1.2074019071296594e+18;False;2019-12-01;2022;2022-06-12;LR;LR;False;False;LREM;False;68;46;17;1;0;1;1910;291.0;28.0;1186;291.0;26.0;405;55.0;24.0;44;44.0;44.0;0;0.0;0.0;7;7.0;7.0;10679;8223.0;157.0;10352;8223.0;225.0;1574;962.0;93.0;27;27.0;27.0;0;0.0;0.0;0;0.0;0.0
5;Lamia;El Aaraje;F;1986-11-22;943672818.0;True;2012-11-01;2022;2022-06-12;NUPES;NUPES;True;True;LREM;False;466;274;115;1;2;0;12458;1809.0;27.0;7103;1809.0;26.0;1749;216.0;15.0;27;27.0;27.0;153;101.0;77.0;0;0.0;0.0;24056;6671.0;52.0;18437;6671.0;67.0;4103;1306.0;36.0;15;15.0;15.0;73;43.0;37.0;0;0.0;0.0
6;Mohamad-Lamine;Gassama;M;1980-01-01;376865423.0;False;2011-11-01;2022;2022-06-12;REM;ENS;False;False;LREM;False;251;152;66;8;1;2;6335;833.0;25.0;4161;833.0;27.0;2158;833.0;33.0;414;119.0;52.0;4;4.0;4.0;62;62.0;31.0;64118;47805.0;255.0;56566;47805.0;372.0;5568;995.0;84.0;238;86.0;30.0;0;0.0;0.0;32;24.0;16.0
7;Philippe;Houplain;M;1961-07-16;3255832605.0;False;2015-05-01;2022;2022-06-12;REC;REC;False;False;LREM;False;2088;1626;597;6;9;1;10407;1421.0;5.0;8305;1421.0;5.0;4228;1421.0;7.0;0;0.0;0.0;13;8.0;1.0;0;0.0;0.0;800248;16807.0;383.0;611649;16807.0;376.0;228981;5289.0;384.0;6111;3077.0;1019.0;5915;5289.0;657.0;52;52.0;52.0
8;Danielle;Simonnet;F;1971-07-02;329686497.0;False;2011-07-01;2022;2022-06-12;NUPES;NUPES;False;False;LREM;True;498;360;119;6;3;2;42199;2340.0;85.0;25943;2321.0;72.0;7409;649.0;62.0;0;0.0;0.0;270;152.0;90.0;165;129.0;83.0;81369;5834.0;163.0;53798;5834.0;149.0;19724;5834.0;166.0;81;24.0;14.0;163;60.0;54.0;53;39.0;27.0
9;Apolline;Tyburczy;F;1987-10-12;1.4899959661324124e+18;False;2022-02-01;2022;2022-06-12;NUPES;NUPES;False;False;LREM;False;386;325;90;0;0;0;2362;293.0;6.0;1864;293.0;6.0;626;162.0;7.0;0;0.0;0.0;0;0.0;0.0;0;0.0;0.0;20860;3352.0;54.0;16154;3352.0;50.0;4727;552.0;53.0;0;0.0;0.0;0;0.0;0.0;0;0.0;0.0
10;Christophe;Versini;M;1995-08-10;1.0093686685795164e+18;False;2018-06-01;2017;2017-06-11;FN;RN;False;False;LREM;False;0;0;0;0;0;0;0;0.0;0.0;0;0.0;0.0;0;0.0;0.0;0;0.0;0.0;0;0.0;0.0;0;0.0;0.0;0;0.0;0.0;0;0.0;0.0;0;0.0;0.0;0;0.0;0.0;0;0.0;0.0;0;0.0;0.0
11;H�l�ne;Testud;F;1956-10-04;29447272.0;False;2009-04-01;2017;2017-06-11;DIV;DIV;False;False;LREM;False;106;72;26;0;0;0;17;5.0;0.0;11;5.0;0.0;0;0.0;0.0;0;0.0;0.0;0;0.0;0.0;0;0.0;0.0;205172;193569.0;1936.0;204841;193569.0;2845.0;10368;9956.0;399.0;0;0.0;0.0;0;0.0;0.0;0;0.0;0.0
12;Adil;Touaimia-Kabbouch;M;1991-03-03;3417457690.0;False;2015-08-01;2017;2017-06-11;DVD;DVD;False;False;LREM;False;59;34;17;0;0;0;22;3.0;0.0;15;3.0;0.0;9;3.0;1.0;0;0.0;0.0;0;0.0;0.0;0;0.0;0.0;167;72.0;3.0;52;21.0;2.0;12;7.0;1.0;0;0.0;0.0;0;0.0;0.0;0;0.0;0.0
13;Florence;Castillon;F;1951-02-09;1.3264585422667366e+18;;2020-11-01;2017;2017-06-11;DVD;DVD;False;False;LREM;False;0;0;0;0;0;0;0;0.0;0.0;0;0.0;0.0;0;0.0;0.0;0;0.0;0.0;0;0.0;0.0;0;0.0;0.0;0;0.0;0.0;0;0.0;0.0;0;0.0;0.0;0;0.0;0.0;0;0.0;0.0;0;0.0;0.0
14;Hicham;Fassi Fihri;M;1965-10-16;68457158.0;False;2009-08-01;2017;2017-06-11;ECO;ECO;False;False;LREM;False;31;23;13;0;0;0;30;7.0;1.0;24;7.0;1.0;10;2.0;1.0;0;0.0;0.0;0;0.0;0.0;0;0.0;0.0;241;147.0;8.0;224;147.0;10.0;151;147.0;12.0;0;0.0;0.0;0;0.0;0.0;0;0.0;0.0
15;Herv�;Masnyou;M;1964-03-25;;;;2017;2017-06-11;DVG;DVG;False;False;LREM;False;0;0;0;0;0;0;0;0.0;0.0;0;0.0;0.0;0;0.0;0.0;0;0.0;0.0;0;0.0;0.0;0;0.0;0.0;0;0.0;0.0;0;0.0;0.0;0;0.0;0.0;0;0.0;0.0;0;0.0;0.0;0;0.0;0.0
16;Mehdi;Kemoune;M;1972-02-17;377865606.0;False;2011-09-01;2017;2017-06-11;FI;NUPES;False;False;LREM;False;162;148;84;0;4;0;213;105.0;1.0;210;105.0;1.0;84;21.0;1.0;0;0.0;0.0;3;3.0;1.0;0;0.0;0.0;20671;1470.0;128.0;14676;1470.0;99.0;6590;1470.0;78.0;0;0.0;0.0;69;69.0;17.0;0;0.0;0.0
17;Roger;Domard;M;1945-11-09;;False;2022-04-01;2017;2017-06-11;EXG;DXG;False;False;LREM;False;0;0;0;0;0;0;0;0.0;0.0;0;0.0;0.0;0;0.0;0.0;0;0.0;0.0;0;0.0;0.0;0;0.0;0.0;0;0.0;0.0;0;0.0;0.0;0;0.0;0.0;0;0.0;0.0;0;0.0;0.0;0;0.0;0.0
18;Olivier;Cohen;M;1963-10-25;58584212.0;False;2009-07-01;2017;2017-06-11;DIV;DIV;False;False;LREM;False;0;0;0;0;0;0;0;0.0;0.0;0;0.0;0.0;0;0.0;0.0;0;0.0;0.0;0;0.0;0.0;0;0.0;0.0;0;0.0;0.0;0;0.0;0.0;0;0.0;0.0;0;0.0;0.0;0;0.0;0.0;0;0.0;0.0
19;Jean-Philippe;Renau;M;1954-01-01;;;;2017;2017-06-11;DIV;DIV;False;False;LREM;False;0;0;0;0;0;0;0;0.0;0.0;0;0.0;0.0;0;0.0;0.0;0;0.0;0.0;0;0.0;0.0;0;0.0;0.0;0;0.0;0.0;0;0.0;0.0;0;0.0;0.0;0;0.0;0.0;0;0.0;0.0;0;0.0;0.0
20;Atanase;P�rifan;M;1964-08-19;2188765218.0;False;2013-11-01;2017;2017-06-11;LR;LR;False;False;LREM;False;0;0;0;0;0;0;0;0.0;0.0;0;0.0;0.0;0;0.0;0.0;0;0.0;0.0;0;0.0;0.0;0;0.0;0.0;0;0.0;0.0;0;0.0;0.0;0;0.0;0.0;0;0.0;0.0;0;0.0;0.0;0;0.0;0.0
21;Antoinette;Guhl;F;1970-06-10;493483010.0;False;2012-02-01;2017;2017-06-11;ECO;ECO;False;False;LREM;False;0;0;0;0;0;0;0;0.0;0.0;0;0.0;0.0;0;0.0;0.0;0;0.0;0.0;0;0.0;0.0;0;0.0;0.0;0;0.0;0.0;0;0.0;0.0;0;0.0;0.0;0;0.0;0.0;0;0.0;0.0;0;0.0;0.0
22;George;Pau-Langevin;F;1948-10-19;81063019.0;False;2009-10-01;2017;2017-06-11;SOC;NUPES;True;False;LREM;True;178;94;41;0;8;0;1681;70.0;9.0;913;39.0;10.0;359;30.0;9.0;0;0.0;0.0;47;10.0;6.0;0;0.0;0.0;1924;521.0;11.0;549;81.0;6.0;222;16.0;5.0;0;0.0;0.0;111;82.0;14.0;0;0.0;0.0
23;Nina;Abdoulhamidi;F;1978-02-26;;;;2017;2017-06-11;ECO;ECO;False;False;LREM;False;0;0;0;0;0;0;0;0.0;0.0;0;0.0;0.0;0;0.0;0.0;0;0.0;0.0;0;0.0;0.0;0;0.0;0.0;0;0.0;0.0;0;0.0;0.0;0;0.0;0.0;0;0.0;0.0;0;0.0;0.0;0;0.0;0.0
24;Philippe;Aragon;M;1968-05-23;1728425251.0;False;2013-09-01;2017;2017-06-11;DVD;DVD;False;False;LREM;False;84;54;8;1;0;0;111;4.0;1.0;95;4.0;2.0;13;4.0;2.0;0;0.0;0.0;0;0.0;0.0;0;0.0;0.0;13188;10195.0;157.0;12481;10195.0;231.0;371;354.0;46.0;354;354.0;354.0;0;0.0;0.0;0;0.0;0.0
25;Dalila;Lasfar;F;1978-06-27;8.699122156919603e+17;False;2016-05-01;2017;2017-06-11;RDG;RDG;False;False;LREM;False;31;31;19;0;0;0;3;3.0;0.0;3;3.0;0.0;0;0.0;0.0;0;0.0;0.0;0;0.0;0.0;0;0.0;0.0;3581;1327.0;116.0;3581;1327.0;116.0;2144;1327.0;113.0;0;0.0;0.0;0;0.0;0.0;0;0.0;0.0
3;Arnaud;Charvillat;M;1977-10-28;;;;2017;2017-06-11;EXG;DXG;False;False;LREM;False;0;0;0;0;0;0;0;0.0;0.0;0;0.0;0.0;0;0.0;0.0;0;0.0;0.0;0;0.0;0.0;0;0.0;0.0;0;0.0;0.0;0;0.0;0.0;0;0.0;0.0;0;0.0;0.0;0;0.0;0.0;0;0.0;0.0
26;Didier;Chabaill�;M;1958-03-18;;;;2017;2017-06-11;DLF;DSV;False;False;LREM;False;0;0;0;0;0;0;0;0.0;0.0;0;0.0;0.0;0;0.0;0.0;0;0.0;0.0;0;0.0;0.0;0;0.0;0.0;0;0.0;0.0;0;0.0;0.0;0;0.0;0.0;0;0.0;0.0;0;0.0;0.0;0;0.0;0.0
27;Jacques;Baudrier;M;1966-06-11;3362289555.0;False;2015-07-01;2017;2017-06-11;COM;NUPES;False;False;LREM;False;0;0;0;0;0;0;0;0.0;0.0;0;0.0;0.0;0;0.0;0.0;0;0.0;0.0;0;0.0;0.0;0;0.0;0.0;0;0.0;0.0;0;0.0;0.0;0;0.0;0.0;0;0.0;0.0;0;0.0;0.0;0;0.0;0.0
28;Ariane;Dreyfus;F;1991-02-15;1.0544176193386209e+18;False;2018-10-01;2017;2017-06-11;DIV;DIV;False;False;LREM;False;0;0;0;0;0;0;0;0.0;0.0;0;0.0;0.0;0;0.0;0.0;0;0.0;0.0;0;0.0;0.0;0;0.0;0.0;0;0.0;0.0;0;0.0;0.0;0;0.0;0.0;0;0.0;0.0;0;0.0;0.0;0;0.0;0.0
29;Colette;Anglada;F;1961-12-27;;;;2017;2017-06-11;DIV;DIV;False;False;LREM;False;0;0;0;0;0;0;0;0.0;0.0;0;0.0;0.0;0;0.0;0.0;0;0.0;0.0;0;0.0;0.0;0;0.0;0.0;0;0.0;0.0;0;0.0;0.0;0;0.0;0.0;0;0.0;0.0;0;0.0;0.0;0;0.0;0.0
30;Julien;Volganli;M;1984-11-04;;;;2012;2012-06-10;AUT;DIV;False;False;PS;False;0;0;0;0;0;0;0;0.0;0.0;0;0.0;0.0;0;0.0;0.0;0;0.0;0.0;0;0.0;0.0;0;0.0;0.0;0;0.0;0.0;0;0.0;0.0;0;0.0;0.0;0;0.0;0.0;0;0.0;0.0;0;0.0;0.0
31;Arnaud;Volganli;M;1977-10-28;;;;2012;2012-06-10;EXG;DXG;False;False;PS;False;0;0;0;0;0;0;0;0.0;0.0;0;0.0;0.0;0;0.0;0.0;0;0.0;0.0;0;0.0;0.0;0;0.0;0.0;0;0.0;0.0;0;0.0;0.0;0;0.0;0.0;0;0.0;0.0;0;0.0;0.0;0;0.0;0.0
32;Nancy;Verdier;F;1945-03-13;;;;2012;2012-06-10;DVD;DVD;False;False;PS;False;0;0;0;0;0;0;0;0.0;0.0;0;0.0;0.0;0;0.0;0.0;0;0.0;0.0;0;0.0;0.0;0;0.0;0.0;0;0.0;0.0;0;0.0;0.0;0;0.0;0.0;0;0.0;0.0;0;0.0;0.0;0;0.0;0.0
33;Hacen;Mohammedi;M;1985-10-27;;;;2012;2012-06-10;AUT;DIV;False;False;PS;False;0;0;0;0;0;0;0;0.0;0.0;0;0.0;0.0;0;0.0;0.0;0;0.0;0.0;0;0.0;0.0;0;0.0;0.0;0;0.0;0.0;0;0.0;0.0;0;0.0;0.0;0;0.0;0.0;0;0.0;0.0;0;0.0;0.0
34;Abb�s;Benaissa;M;1981-05-29;;;;2012;2012-06-10;AUT;DIV;False;False;PS;False;0;0;0;0;0;0;0;0.0;0.0;0;0.0;0.0;0;0.0;0.0;0;0.0;0.0;0;0.0;0.0;0;0.0;0.0;0;0.0;0.0;0;0.0;0.0;0;0.0;0.0;0;0.0;0.0;0;0.0;0.0;0;0.0;0.0
22;George;Pau-Langevin;F;1948-10-19;81063019.0;False;2009-10-01;2012;2012-06-10;SOC;NUPES;False;False;PS;True;58;45;13;0;0;0;17;9.0;0.0;4;2.0;0.0;0;0.0;0.0;0;0.0;0.0;0;0.0;0.0;0;0.0;0.0;409;196.0;7.0;151;26.0;3.0;40;5.0;3.0;0;0.0;0.0;0;0.0;0.0;0;0.0;0.0
35;Arlette;Zilberg;F;1956-05-20;475208227.0;False;2012-01-01;2012;2012-06-10;VEC;NUPES;False;False;PS;False;0;0;0;0;0;0;0;0.0;0.0;0;0.0;0.0;0;0.0;0.0;0;0.0;0.0;0;0.0;0.0;0;0.0;0.0;0;0.0;0.0;0;0.0;0.0;0;0.0;0.0;0;0.0;0.0;0;0.0;0.0;0;0.0;0.0
36;Sonia;Ouertani;F;1986-01-20;73968763.0;False;2009-09-01;2012;2012-06-10;CEN;MDM;False;False;PS;False;92;81;39;0;0;0;8;2.0;0.0;8;2.0;0.0;3;1.0;0.0;0;0.0;0.0;0;0.0;0.0;0;0.0;0.0;72;14.0;1.0;68;14.0;1.0;34;14.0;1.0;0;0.0;0.0;0;0.0;0.0;0;0.0;0.0
37;Elisabeth;Jaskulke;F;1963-11-21;392528127.0;False;2011-10-01;2012;2012-06-10;PRV;PRV;False;False;PS;False;0;0;0;0;0;0;0;0.0;0.0;0;0.0;0.0;0;0.0;0.0;0;0.0;0.0;0;0.0;0.0;0;0.0;0.0;0;0.0;0.0;0;0.0;0.0;0;0.0;0.0;0;0.0;0.0;0;0.0;0.0;0;0.0;0.0
38;Nathalie;Fanfant;F;1971-01-07;85285173.0;False;2009-10-01;2012;2012-06-10;UMP;LR;True;False;PS;False;0;0;0;0;0;0;0;0.0;0.0;0;0.0;0.0;0;0.0;0.0;0;0.0;0.0;0;0.0;0.0;0;0.0;0.0;0;0.0;0.0;0;0.0;0.0;0;0.0;0.0;0;0.0;0.0;0;0.0;0.0;0;0.0;0.0
39;P�n�lope;Duggan;F;1953-01-02;;;;2012;2012-06-10;EXG;DXG;False;False;PS;False;0;0;0;0;0;0;0;0.0;0.0;0;0.0;0.0;0;0.0;0.0;0;0.0;0.0;0;0.0;0.0;0;0.0;0.0;0;0.0;0.0;0;0.0;0.0;0;0.0;0.0;0;0.0;0.0;0;0.0;0.0;0;0.0;0.0
40;Genevi�ve;Beduneau;F;1947-03-30;;;;2012;2012-06-10;FN;RN;False;False;PS;False;0;0;0;0;0;0;0;0.0;0.0;0;0.0;0.0;0;0.0;0.0;0;0.0;0.0;0;0.0;0.0;0;0.0;0.0;0;0.0;0.0;0;0.0;0.0;0;0.0;0.0;0;0.0;0.0;0;0.0;0.0;0;0.0;0.0
41;Didier;Le Reste;M;1955-06-02;7.804058319300895e+17;False;2016-09-01;2012;2012-06-10;FG;NUPES;False;False;PS;False;0;0;0;0;0;0;0;0.0;0.0;0;0.0;0.0;0;0.0;0.0;0;0.0;0.0;0;0.0;0.0;0;0.0;0.0;0;0.0;0.0;0;0.0;0.0;0;0.0;0.0;0;0.0;0.0;0;0.0;0.0;0;0.0;0.0
42;Pierre;Mounier;M;1970-06-30;14233770.0;False;2008-03-01;2012;2012-06-10;AUT;DIV;False;False;PS;False;0;0;0;0;0;0;0;0.0;0.0;0;0.0;0.0;0;0.0;0.0;0;0.0;0.0;0;0.0;0.0;0;0.0;0.0;0;0.0;0.0;0;0.0;0.0;0;0.0;0.0;0;0.0;0.0;0;0.0;0.0;0;0.0;0.0
43;Claude;Trannet;M;1952-10-20;223038322.0;False;2010-12-01;2012;2012-06-10;DVD;DVD;False;False;PS;False;0;0;0;0;0;0;0;0.0;0.0;0;0.0;0.0;0;0.0;0.0;0;0.0;0.0;0;0.0;0.0;0;0.0;0.0;0;0.0;0.0;0;0.0;0.0;0;0.0;0.0;0;0.0;0.0;0;0.0;0.0;0;0.0;0.0
44;Daniel;Assayag;M;1986-09-20;;;;2022;2022-06-12;DIV;DIV;False;False;LREM;False;0;0;0;0;0;0;0;0.0;0.0;0;0.0;0.0;0;0.0;0.0;0;0.0;0.0;0;0.0;0.0;0;0.0;0.0;0;0.0;0.0;0;0.0;0.0;0;0.0;0.0;0;0.0;0.0;0;0.0;0.0;0;0.0;0.0
45;Quitterie;de Villepin;F;1978-01-01;49627758.0;False;2009-06-01;2022;2022-06-12;DIV;DIV;False;False;LREM;False;363;240;105;0;0;0;2084;91.0;6.0;1354;54.0;6.0;653;54.0;6.0;0;0.0;0.0;0;0.0;0.0;0;0.0;0.0;4698;1491.0;13.0;1511;501.0;6.0;420;19.0;4.0;0;0.0;0.0;0;0.0;0.0;0;0.0;0.0
46;Karine;Dreyfuss;F;1969-08-31;1.2032995326557798e+18;False;2019-12-01;2022;2022-06-12;DIV;DIV;False;False;LREM;False;0;0;0;0;0;0;0;0.0;0.0;0;0.0;0.0;0;0.0;0.0;0;0.0;0.0;0;0.0;0.0;0;0.0;0.0;0;0.0;0.0;0;0.0;0.0;0;0.0;0.0;0;0.0;0.0;0;0.0;0.0;0;0.0;0.0
47;Charline;Joliveau;F;1966-01-22;;;;2022;2022-06-12;DXG;DXG;False;False;LREM;False;0;0;0;0;0;0;0;0.0;0.0;0;0.0;0.0;0;0.0;0.0;0;0.0;0.0;0;0.0;0.0;0;0.0;0.0;0;0.0;0.0;0;0.0;0.0;0;0.0;0.0;0;0.0;0.0;0;0.0;0.0;0;0.0;0.0
48;Gilles;Le Gendre;M;1958-05-13;;;;2022;2022-06-12;ENS;ENS;True;False;LREM;True;0;0;0;0;0;0;0;0.0;0.0;0;0.0;0.0;0;0.0;0.0;0;0.0;0.0;0;0.0;0.0;0;0.0;0.0;0;0.0;0.0;0;0.0;0.0;0;0.0;0.0;0;0.0;0.0;0;0.0;0.0;0;0.0;0.0
49;Jean-Pierre;Lecoq;M;1954-07-18;539156968.0;False;2012-03-01;2022;2022-06-12;LR;LR;False;False;LREM;False;148;113;46;0;3;1;1373;157.0;9.0;756;88.0;7.0;209;64.0;5.0;0;0.0;0.0;8;6.0;3.0;4;4.0;4.0;4291;292.0;29.0;3402;292.0;30.0;963;117.0;21.0;0;0.0;0.0;7;4.0;2.0;2;2.0;2.0
50;Marine;Rosset;F;1985-12-14;425231735.0;False;2011-09-01;2022;2022-06-12;NUPES;NUPES;False;False;LREM;False;251;149;68;4;4;4;3233;159.0;13.0;1800;54.0;12.0;664;50.0;10.0;96;49.0;24.0;71;29.0;18.0;106;50.0;27.0;5436;1670.0;22.0;1963;54.0;13.0;818;37.0;12.0;52;18.0;13.0;50;16.0;13.0;60;32.0;15.0
51;Andr�;Roug�;M;1961-12-23;1.1561359426604605e+18;False;2019-09-01;2022;2022-06-12;RN;RN;False;False;LREM;False;0;0;0;0;0;0;0;0.0;0.0;0;0.0;0.0;0;0.0;0.0;0;0.0;0.0;0;0.0;0.0;0;0.0;0.0;0;0.0;0.0;0;0.0;0.0;0;0.0;0.0;0;0.0;0.0;0;0.0;0.0;0;0.0;0.0
52;Florence;Bedague;F;1963-01-01;;;;2022;2022-06-12;DXG;DXG;False;False;LREM;False;0;0;0;0;0;0;0;0.0;0.0;0;0.0;0.0;0;0.0;0.0;0;0.0;0.0;0;0.0;0.0;0;0.0;0.0;0;0.0;0.0;0;0.0;0.0;0;0.0;0.0;0;0.0;0.0;0;0.0;0.0;0;0.0;0.0
53;Pierre;Beyssac;M;1966-07-20;;;;2022;2022-06-12;DIV;DIV;False;False;LREM;False;0;0;0;0;0;0;0;0.0;0.0;0;0.0;0.0;0;0.0;0.0;0;0.0;0.0;0;0.0;0.0;0;0.0;0.0;0;0.0;0.0;0;0.0;0.0;0;0.0;0.0;0;0.0;0.0;0;0.0;0.0;0;0.0;0.0
54;B�atrice;Cossart;F;1969-04-10;2933680894.0;False;2014-12-01;2022;2022-06-12;DIV;DIV;False;False;LREM;False;544;418;183;0;0;1;1332;129.0;2.0;1091;129.0;3.0;252;77.0;1.0;0;0.0;0.0;0;0.0;0.0;0;0.0;0.0;25047;1197.0;46.0;17776;549.0;43.0;7425;537.0;41.0;0;0.0;0.0;0;0.0;0.0;4;4.0;4.0
55;Mireille;Delafond;F;1956-01-01;;;;2022;2022-06-12;RN;RN;False;False;LREM;False;0;0;0;0;0;0;0;0.0;0.0;0;0.0;0.0;0;0.0;0.0;0;0.0;0.0;0;0.0;0.0;0;0.0;0.0;0;0.0;0.0;0;0.0;0.0;0;0.0;0.0;0;0.0;0.0;0;0.0;0.0;0;0.0;0.0
56;Jean-Baptiste;Olivier;M;1979-08-01;;;;2022;2022-06-12;LR;LR;False;False;LREM;False;0;0;0;0;0;0;0;0.0;0.0;0;0.0;0.0;0;0.0;0.0;0;0.0;0.0;0;0.0;0.0;0;0.0;0.0;0;0.0;0.0;0;0.0;0.0;0;0.0;0.0;0;0.0;0.0;0;0.0;0.0;0;0.0;0.0
57;Sandrine;Rousseau;F;1972-03-08;371381075.0;True;2011-09-01;2022;2022-06-12;NUPES;NUPES;False;False;LREM;True;268;168;70;0;6;6;141120;8550.0;527.0;76404;8550.0;455.0;27075;3719.0;387.0;0;0.0;0.0;1304;981.0;217.0;889;465.0;148.0;53664;7140.0;200.0;36208;7140.0;216.0;19259;7140.0;275.0;0;0.0;0.0;358;265.0;60.0;208;104.0;35.0
58;Sandrine;Rousseau;F;1962-01-01;;;;2022;2022-06-12;DIV;DIV;False;False;LREM;False;0;0;0;0;0;0;0;0.0;0.0;0;0.0;0.0;0;0.0;0.0;0;0.0;0.0;0;0.0;0.0;0;0.0;0.0;0;0.0;0.0;0;0.0;0.0;0;0.0;0.0;0;0.0;0.0;0;0.0;0.0;0;0.0;0.0
59;Buon;Tan;M;1967-03-10;2495899075.0;True;2014-05-01;2022;2022-06-12;ENS;ENS;True;False;LREM;False;1;1;1;0;0;0;14;14.0;14.0;14;14.0;14.0;14;14.0;14.0;0;0.0;0.0;0;0.0;0.0;0;0.0;0.0;5;5.0;5.0;5;5.0;5.0;5;5.0;5.0;0;0.0;0.0;0;0.0;0.0;0;0.0;0.0
60;Marie-Claire;Carr�re-G�e;F;1963-03-23;15719595.0;False;2008-08-01;2022;2022-06-12;LR;LR;False;False;LREM;False;0;0;0;0;0;0;0;0.0;0.0;0;0.0;0.0;0;0.0;0.0;0;0.0;0.0;0;0.0;0.0;0;0.0;0.0;0;0.0;0.0;0;0.0;0.0;0;0.0;0.0;0;0.0;0.0;0;0.0;0.0;0;0.0;0.0
61;Saddia;Cousin;F;1977-01-01;;;;2022;2022-06-12;RN;RN;False;False;LREM;False;0;0;0;0;0;0;0;0.0;0.0;0;0.0;0.0;0;0.0;0.0;0;0.0;0.0;0;0.0;0.0;0;0.0;0.0;0;0.0;0.0;0;0.0;0.0;0;0.0;0.0;0;0.0;0.0;0;0.0;0.0;0;0.0;0.0
62;Maud;Gatel;F;1979-04-06;17747931.0;True;2008-10-01;2022;2022-06-12;ENS;ENS;True;False;LREM;False;105;89;38;3;3;5;3672;572.0;35.0;2296;170.0;26.0;928;82.0;24.0;62;39.0;21.0;137;76.0;46.0;162;42.0;32.0;3040;601.0;29.0;1858;348.0;21.0;599;37.0;16.0;43;18.0;14.0;60;37.0;20.0;77;24.0;15.0
63;Valentine;Labourdette;F;1999-06-21;;;;2022;2022-06-12;DIV;DIV;False;False;LREM;False;0;0;0;0;0;0;0;0.0;0.0;0;0.0;0.0;0;0.0;0.0;0;0.0;0.0;0;0.0;0.0;0;0.0;0.0;0;0.0;0.0;0;0.0;0.0;0;0.0;0.0;0;0.0;0.0;0;0.0;0.0;0;0.0;0.0
64;Franck;Layr�-Cassou;M;1984-03-16;153108420.0;False;2011-06-01;2022;2022-06-12;REC;REC;False;False;LREM;False;24;17;9;0;0;0;383;177.0;16.0;180;136.0;11.0;35;17.0;4.0;0;0.0;0.0;0;0.0;0.0;0;0.0;0.0;9155;6064.0;381.0;873;549.0;51.0;123;47.0;14.0;0;0.0;0.0;0;0.0;0.0;0;0.0;0.0
65;Nolwenn;Le Gac;F;1983-08-15;28308363.0;False;2009-04-01;2022;2022-06-12;DIV;DIV;False;False;LREM;False;0;0;0;0;0;0;0;0.0;0.0;0;0.0;0.0;0;0.0;0.0;0;0.0;0.0;0;0.0;0.0;0;0.0;0.0;0;0.0;0.0;0;0.0;0.0;0;0.0;0.0;0;0.0;0.0;0;0.0;0.0;0;0.0;0.0
66;Olivia;Polski;F;1975-06-02;392792965.0;False;2011-10-01;2022;2022-06-12;NUPES;NUPES;False;False;LREM;True;319;229;103;1;2;1;2502;270.0;8.0;1618;126.0;7.0;719;104.0;7.0;0;0.0;0.0;21;21.0;11.0;0;0.0;0.0;16188;3353.0;51.0;8258;3353.0;36.0;2731;1248.0;27.0;3;3.0;3.0;61;55.0;31.0;15;15.0;15.0
67;Laurent;Vinciguerra;M;1975-01-01;;;;2022;2022-06-12;DXG;DXG;False;False;LREM;False;0;0;0;0;0;0;0;0.0;0.0;0;0.0;0.0;0;0.0;0.0;0;0.0;0.0;0;0.0;0.0;0;0.0;0.0;0;0.0;0.0;0;0.0;0.0;0;0.0;0.0;0;0.0;0.0;0;0.0;0.0;0;0.0;0.0
48;Gilles;Le Gendre;M;1958-05-13;;;;2017;2017-06-11;REM;ENS;False;False;LREM;True;0;0;0;0;0;0;0;0.0;0.0;0;0.0;0.0;0;0.0;0.0;0;0.0;0.0;0;0.0;0.0;0;0.0;0.0;0;0.0;0.0;0;0.0;0.0;0;0.0;0.0;0;0.0;0.0;0;0.0;0.0;0;0.0;0.0
68;Henri;Guaino;M;1957-03-11;7.429852764951224e+17;True;2016-06-01;2017;2017-06-11;DVD;DVD;False;False;LREM;False;0;0;0;0;0;0;0;0.0;0.0;0;0.0;0.0;0;0.0;0.0;0;0.0;0.0;0;0.0;0.0;0;0.0;0.0;0;0.0;0.0;0;0.0;0.0;0;0.0;0.0;0;0.0;0.0;0;0.0;0.0;0;0.0;0.0
69;Nathalie;Kosciusko-morizet;F;1973-05-14;20702279.0;True;2009-02-01;2017;2017-06-11;LR;LR;False;False;LREM;False;176;105;37;0;0;0;13614;964.0;77.0;9354;571.0;89.0;2935;400.0;79.0;0;0.0;0.0;0;0.0;0.0;0;0.0;0.0;9306;344.0;53.0;6566;206.0;63.0;2428;206.0;66.0;0;0.0;0.0;0;0.0;0.0;0;0.0;0.0
49;Jean-Pierre;Lecoq;M;1954-07-18;539156968.0;False;2012-03-01;2017;2017-06-11;DVD;DVD;False;False;LREM;False;0;0;0;0;0;0;0;0.0;0.0;0;0.0;0.0;0;0.0;0.0;0;0.0;0.0;0;0.0;0.0;0;0.0;0.0;0;0.0;0.0;0;0.0;0.0;0;0.0;0.0;0;0.0;0.0;0;0.0;0.0;0;0.0;0.0
70;Gilles;Seignan;M;1963-05-08;912146623.0;False;2012-10-01;2017;2017-06-11;ECO;ECO;False;False;LREM;False;59;38;21;0;0;0;12;2.0;0.0;6;2.0;0.0;2;1.0;0.0;0;0.0;0.0;0;0.0;0.0;0;0.0;0.0;853;143.0;14.0;331;65.0;9.0;179;27.0;9.0;0;0.0;0.0;0;0.0;0.0;0;0.0;0.0
71;Jan-Edouard;Brunie;M;1975-06-29;;;;2017;2017-06-11;DLF;DSV;False;False;LREM;False;0;0;0;0;0;0;0;0.0;0.0;0;0.0;0.0;0;0.0;0.0;0;0.0;0.0;0;0.0;0.0;0;0.0;0.0;0;0.0;0.0;0;0.0;0.0;0;0.0;0.0;0;0.0;0.0;0;0.0;0.0;0;0.0;0.0
72;Alain;Avronsart;M;1958-04-27;;;;2017;2017-06-11;DIV;DIV;False;False;LREM;False;0;0;0;0;0;0;0;0.0;0.0;0;0.0;0.0;0;0.0;0.0;0;0.0;0.0;0;0.0;0.0;0;0.0;0.0;0;0.0;0.0;0;0.0;0.0;0;0.0;0.0;0;0.0;0.0;0;0.0;0.0;0;0.0;0.0
73;Anne-Fran�oise;Pruni�res;F;1947-12-21;;;;2017;2017-06-11;FI;NUPES;False;False;LREM;False;0;0;0;0;0;0;0;0.0;0.0;0;0.0;0.0;0;0.0;0.0;0;0.0;0.0;0;0.0;0.0;0;0.0;0.0;0;0.0;0.0;0;0.0;0.0;0;0.0;0.0;0;0.0;0.0;0;0.0;0.0;0;0.0;0.0
74;Manon;Bouquin;F;1992-06-12;2998173538.0;False;2015-01-01;2017;2017-06-11;FN;RN;False;False;LREM;False;50;50;50;0;0;0;466;121.0;9.0;466;121.0;9.0;466;121.0;9.0;0;0.0;0.0;0;0.0;0.0;0;0.0;0.0;4712;945.0;94.0;4712;945.0;94.0;4712;945.0;94.0;0;0.0;0.0;0;0.0;0.0;0;0.0;0.0
75;Fabien;Lassalle-humez;M;1998-11-26;553016169.0;False;2012-04-01;2017;2017-06-11;DVG;DVG;False;False;LREM;False;0;0;0;0;0;0;0;0.0;0.0;0;0.0;0.0;0;0.0;0.0;0;0.0;0.0;0;0.0;0.0;0;0.0;0.0;0;0.0;0.0;0;0.0;0.0;0;0.0;0.0;0;0.0;0.0;0;0.0;0.0;0;0.0;0.0
76;Laurent;Gamet;M;1987-07-26;496212632.0;False;2012-02-01;2017;2017-06-11;DIV;DIV;False;False;LREM;False;126;88;33;0;0;0;198;13.0;2.0;114;6.0;1.0;45;5.0;1.0;0;0.0;0.0;0;0.0;0.0;0;0.0;0.0;54;7.0;0.0;36;7.0;0.0;15;7.0;0.0;0;0.0;0.0;0;0.0;0.0;0;0.0;0.0
77;Delphine;Benin;F;1969-06-18;;;;2017;2017-06-11;DVD;DVD;False;False;LREM;False;0;0;0;0;0;0;0;0.0;0.0;0;0.0;0.0;0;0.0;0.0;0;0.0;0.0;0;0.0;0.0;0;0.0;0.0;0;0.0;0.0;0;0.0;0.0;0;0.0;0.0;0;0.0;0.0;0;0.0;0.0;0;0.0;0.0
78;Pauline;Betton;F;1988-05-05;;;;2017;2017-06-11;DVD;DVD;False;False;LREM;False;0;0;0;0;0;0;0;0.0;0.0;0;0.0;0.0;0;0.0;0.0;0;0.0;0.0;0;0.0;0.0;0;0.0;0.0;0;0.0;0.0;0;0.0;0.0;0;0.0;0.0;0;0.0;0.0;0;0.0;0.0;0;0.0;0.0
79;Fabien;Couture;M;1972-10-19;;;;2017;2017-06-11;DIV;DIV;False;False;LREM;False;0;0;0;0;0;0;0;0.0;0.0;0;0.0;0.0;0;0.0;0.0;0;0.0;0.0;0;0.0;0.0;0;0.0;0.0;0;0.0;0.0;0;0.0;0.0;0;0.0;0.0;0;0.0;0.0;0;0.0;0.0;0;0.0;0.0
80;Edmond;Coulot;M;1994-03-01;3295535303.0;False;2015-05-10;2017;2017-06-11;DIV;DIV;False;False;LREM;False;0;0;0;0;0;0;0;0.0;0.0;0;0.0;0.0;0;0.0;0.0;0;0.0;0.0;0;0.0;0.0;0;0.0;0.0;0;0.0;0.0;0;0.0;0.0;0;0.0;0.0;0;0.0;0.0;0;0.0;0.0;0;0.0;0.0
81;Anne;Zanghellini;F;1960-08-15;;;;2017;2017-06-11;DIV;DIV;False;False;LREM;False;0;0;0;0;0;0;0;0.0;0.0;0;0.0;0.0;0;0.0;0.0;0;0.0;0.0;0;0.0;0.0;0;0.0;0.0;0;0.0;0.0;0;0.0;0.0;0;0.0;0.0;0;0.0;0.0;0;0.0;0.0;0;0.0;0.0
82;Alain;Penso;M;1950-02-02;;;;2017;2017-06-11;DIV;DIV;False;False;LREM;False;0;0;0;0;0;0;0;0.0;0.0;0;0.0;0.0;0;0.0;0.0;0;0.0;0.0;0;0.0;0.0;0;0.0;0.0;0;0.0;0.0;0;0.0;0.0;0;0.0;0.0;0;0.0;0.0;0;0.0;0.0;0;0.0;0.0
83;Nicolas;Rousseaux;M;1976-11-17;40967152.0;False;2009-05-01;2017;2017-06-11;EXD;DXD;False;False;LREM;False;1;1;1;0;0;0;0;0.0;0.0;0;0.0;0.0;0;0.0;0.0;0;0.0;0.0;0;0.0;0.0;0;0.0;0.0;45;45.0;45.0;45;45.0;45.0;45;45.0;45.0;0;0.0;0.0;0;0.0;0.0;0;0.0;0.0
84;Christine;Lichtenauer;F;1976-02-28;;;;2017;2017-06-11;EXG;DXG;False;False;LREM;False;0;0;0;0;0;0;0;0.0;0.0;0;0.0;0.0;0;0.0;0.0;0;0.0;0.0;0;0.0;0.0;0;0.0;0.0;0;0.0;0.0;0;0.0;0.0;0;0.0;0.0;0;0.0;0.0;0;0.0;0.0;0;0.0;0.0
85;Dominique;Lelys;M;1957-02-26;;;;2017;2017-06-11;DVD;DVD;False;False;LREM;False;0;0;0;0;0;0;0;0.0;0.0;0;0.0;0.0;0;0.0;0.0;0;0.0;0.0;0;0.0;0.0;0;0.0;0.0;0;0.0;0.0;0;0.0;0.0;0;0.0;0.0;0;0.0;0.0;0;0.0;0.0;0;0.0;0.0
86;Annick;Puyoou;F;1944-12-29;;;;2017;2017-06-11;DVD;DVD;False;False;LREM;False;0;0;0;0;0;0;0;0.0;0.0;0;0.0;0.0;0;0.0;0.0;0;0.0;0.0;0;0.0;0.0;0;0.0;0.0;0;0.0;0.0;0;0.0;0.0;0;0.0;0.0;0;0.0;0.0;0;0.0;0.0;0;0.0;0.0
87;David;De preval;M;1955-08-07;;;;2017;2017-06-11;DIV;DIV;False;False;LREM;False;0;0;0;0;0;0;0;0.0;0.0;0;0.0;0.0;0;0.0;0.0;0;0.0;0.0;0;0.0;0.0;0;0.0;0.0;0;0.0;0.0;0;0.0;0.0;0;0.0;0.0;0;0.0;0.0;0;0.0;0.0;0;0.0;0.0
88;Lorraine;Questiaux;F;1987-06-26;1.1130345817651282e+18;False;2019-04-01;2017;2017-06-11;COM;NUPES;False;False;LREM;False;0;0;0;0;0;0;0;0.0;0.0;0;0.0;0.0;0;0.0;0.0;0;0.0;0.0;0;0.0;0.0;0;0.0;0.0;0;0.0;0.0;0;0.0;0.0;0;0.0;0.0;0;0.0;0.0;0;0.0;0.0;0;0.0;0.0
50;Marine;Rosset;F;1985-12-14;425231735.0;False;2011-09-01;2017;2017-06-11;SOC;NUPES;False;False;LREM;False;0;0;0;0;0;0;0;0.0;0.0;0;0.0;0.0;0;0.0;0.0;0;0.0;0.0;0;0.0;0.0;0;0.0;0.0;0;0.0;0.0;0;0.0;0.0;0;0.0;0.0;0;0.0;0.0;0;0.0;0.0;0;0.0;0.0
89;Yorick;Berger;M;1976-08-08;;;;2017;2017-06-11;DVD;DVD;False;False;LREM;False;0;0;0;0;0;0;0;0.0;0.0;0;0.0;0.0;0;0.0;0.0;0;0.0;0.0;0;0.0;0.0;0;0.0;0.0;0;0.0;0.0;0;0.0;0.0;0;0.0;0.0;0;0.0;0.0;0;0.0;0.0;0;0.0;0.0
91;Fanny;Benard;F;1987-07-03;455605167.0;False;2012-01-01;2017;2017-06-11;DLF;DSV;False;False;LREM;False;104;17;2;0;0;0;27;4.0;0.0;0;0.0;0.0;0;0.0;0.0;0;0.0;0.0;0;0.0;0.0;0;0.0;0.0;3655;1530.0;35.0;2536;1530.0;149.0;21;18.0;11.0;0;0.0;0.0;0;0.0;0.0;0;0.0;0.0
90;Cendrine;Chereil de la rivi�re;F;1953-12-11;;;;2017;2017-06-11;DIV;DIV;False;False;LREM;False;0;0;0;0;0;0;0;0.0;0.0;0;0.0;0.0;0;0.0;0.0;0;0.0;0.0;0;0.0;0.0;0;0.0;0.0;0;0.0;0.0;0;0.0;0.0;0;0.0;0.0;0;0.0;0.0;0;0.0;0.0;0;0.0;0.0
92;Benoit;Chazerand;M;1986-09-06;1.1986531718344622e+18;False;2019-11-01;2017;2017-06-11;EXG;DXG;False;False;LREM;False;0;0;0;0;0;0;0;0.0;0.0;0;0.0;0.0;0;0.0;0.0;0;0.0;0.0;0;0.0;0.0;0;0.0;0.0;0;0.0;0.0;0;0.0;0.0;0;0.0;0.0;0;0.0;0.0;0;0.0;0.0;0;0.0;0.0
93;Jo�l;Ezaoui;M;1963-11-02;2440362695.0;False;2014-03-01;2017;2017-06-11;DVG;DVG;False;False;LREM;False;14;14;5;0;0;0;1;1.0;0.0;1;1.0;0.0;0;0.0;0.0;0;0.0;0.0;0;0.0;0.0;0;0.0;0.0;147;21.0;11.0;147;21.0;11.0;67;21.0;13.0;0;0.0;0.0;0;0.0;0.0;0;0.0;0.0
94;David;Flacher;M;1976-03-03;8.523298773574164e+17;False;2017-04-01;2017;2017-06-11;DIV;DIV;False;False;LREM;False;0;0;0;0;0;0;0;0.0;0.0;0;0.0;0.0;0;0.0;0.0;0;0.0;0.0;0;0.0;0.0;0;0.0;0.0;0;0.0;0.0;0;0.0;0.0;0;0.0;0.0;0;0.0;0.0;0;0.0;0.0;0;0.0;0.0
95;Nathalie;Laville;F;1962-10-16;247241547.0;False;2011-02-01;2017;2017-06-11;ECO;ECO;False;False;LREM;False;9;7;2;0;0;0;2;1.0;0.0;1;1.0;0.0;0;0.0;0.0;0;0.0;0.0;0;0.0;0.0;0;0.0;0.0;9;2.0;1.0;6;2.0;1.0;3;2.0;2.0;0;0.0;0.0;0;0.0;0.0;0;0.0;0.0
96;Anne;Limoge;F;1976-12-04;1.4704131873507328e+18;False;2021-12-01;2017;2017-06-11;DIV;DIV;False;False;LREM;False;0;0;0;0;0;0;0;0.0;0.0;0;0.0;0.0;0;0.0;0.0;0;0.0;0.0;0;0.0;0.0;0;0.0;0.0;0;0.0;0.0;0;0.0;0.0;0;0.0;0.0;0;0.0;0.0;0;0.0;0.0;0;0.0;0.0
97;Rapha�l;Qnouch;M;1982-08-03;387618120.0;False;2011-10-01;2017;2017-06-11;FI;NUPES;False;False;LREM;False;75;41;18;0;0;0;164;49.0;2.0;121;49.0;3.0;31;9.0;2.0;0;0.0;0.0;0;0.0;0.0;0;0.0;0.0;4619;755.0;62.0;2406;494.0;59.0;822;239.0;46.0;0;0.0;0.0;0;0.0;0.0;0;0.0;0.0
59;Buon;Tan;M;1967-03-10;2495899075.0;True;2014-05-01;2017;2017-06-11;REM;ENS;False;False;LREM;True;91;61;16;1;0;0;357;40.0;4.0;229;21.0;4.0;50;8.0;3.0;0;0.0;0.0;0;0.0;0.0;0;0.0;0.0;3011;1734.0;33.0;2467;1734.0;40.0;1855;1734.0;116.0;9;9.0;9.0;0;0.0;0.0;0;0.0;0.0
98;Claire;Monod;F;1964-07-01;249843341.0;False;2011-02-01;2017;2017-06-11;ECO;ECO;False;False;LREM;False;0;0;0;0;0;0;0;0.0;0.0;0;0.0;0.0;0;0.0;0.0;0;0.0;0.0;0;0.0;0.0;0;0.0;0.0;0;0.0;0.0;0;0.0;0.0;0;0.0;0.0;0;0.0;0.0;0;0.0;0.0;0;0.0;0.0
99;Laurent;Truchot;M;1958-04-05;;;;2017;2017-06-11;DIV;DIV;False;False;LREM;False;0;0;0;0;0;0;0;0.0;0.0;0;0.0;0.0;0;0.0;0.0;0;0.0;0.0;0;0.0;0.0;0;0.0;0.0;0;0.0;0.0;0;0.0;0.0;0;0.0;0.0;0;0.0;0.0;0;0.0;0.0;0;0.0;0.0
100;Franck;Bonot;M;1969-02-13;113740016.0;False;2010-02-01;2017;2017-06-11;DVG;DVG;False;False;LREM;False;108;71;22;0;2;0;71;9.0;1.0;36;4.0;1.0;6;1.0;0.0;0;0.0;0.0;2;2.0;1.0;0;0.0;0.0;29435;19204.0;273.0;26898;19204.0;379.0;158;52.0;7.0;0;0.0;0.0;1;1.0;1.0;0;0.0;0.0
101;Benjamin;Requet;M;1996-04-23;8.652143304926413e+17;False;2017-05-01;2017;2017-06-11;DIV;DIV;False;False;LREM;False;0;0;0;0;0;0;0;0.0;0.0;0;0.0;0.0;0;0.0;0.0;0;0.0;0.0;0;0.0;0.0;0;0.0;0.0;0;0.0;0.0;0;0.0;0.0;0;0.0;0.0;0;0.0;0.0;0;0.0;0.0;0;0.0;0.0
102;Martin;Lagane;M;1987-02-04;3439765943.0;False;2015-08-01;2017;2017-06-11;SOC;NUPES;False;False;LREM;False;11;11;11;0;0;0;7;2.0;1.0;7;2.0;1.0;7;2.0;1.0;0;0.0;0.0;0;0.0;0.0;0;0.0;0.0;45;15.0;4.0;45;15.0;4.0;45;15.0;4.0;0;0.0;0.0;0;0.0;0.0;0;0.0;0.0
103;�lise;Mazella;F;1955-06-27;;;;2017;2017-06-11;DVG;DVG;False;False;LREM;False;0;0;0;0;0;0;0;0.0;0.0;0;0.0;0.0;0;0.0;0.0;0;0.0;0.0;0;0.0;0.0;0;0.0;0.0;0;0.0;0.0;0;0.0;0.0;0;0.0;0.0;0;0.0;0.0;0;0.0;0.0;0;0.0;0.0
104;Chrystelle;Pellegrino;F;1972-01-06;483237532.0;False;2012-02-01;2017;2017-06-11;DIV;DIV;False;False;LREM;False;0;0;0;0;0;0;0;0.0;0.0;0;0.0;0.0;0;0.0;0.0;0;0.0;0.0;0;0.0;0.0;0;0.0;0.0;0;0.0;0.0;0;0.0;0.0;0;0.0;0.0;0;0.0;0.0;0;0.0;0.0;0;0.0;0.0
105;Bernard;Sok;M;1950-04-17;;;;2017;2017-06-11;DVD;DVD;False;False;LREM;False;0;0;0;0;0;0;0;0.0;0.0;0;0.0;0.0;0;0.0;0.0;0;0.0;0.0;0;0.0;0.0;0;0.0;0.0;0;0.0;0.0;0;0.0;0.0;0;0.0;0.0;0;0.0;0.0;0;0.0;0.0;0;0.0;0.0
52;Florence;Bedague;F;1963-01-01;;;;2017;2017-06-11;EXG;DXG;False;False;LREM;False;0;0;0;0;0;0;0;0.0;0.0;0;0.0;0.0;0;0.0;0.0;0;0.0;0.0;0;0.0;0.0;0;0.0;0.0;0;0.0;0.0;0;0.0;0.0;0;0.0;0.0;0;0.0;0.0;0;0.0;0.0;0;0.0;0.0
106;Laure;Esquieu;F;1992-07-31;;;;2017;2017-06-11;LR;LR;False;False;LREM;False;0;0;0;0;0;0;0;0.0;0.0;0;0.0;0.0;0;0.0;0.0;0;0.0;0.0;0;0.0;0.0;0;0.0;0.0;0;0.0;0.0;0;0.0;0.0;0;0.0;0.0;0;0.0;0.0;0;0.0;0.0;0;0.0;0.0
107;Elisabeth;Stibbe;F;1962-12-02;105209550.0;False;2010-01-01;2017;2017-06-11;UDI;UDI;False;False;LREM;False;2;2;2;0;0;0;3;2.0;2.0;3;2.0;2.0;3;2.0;2.0;0;0.0;0.0;0;0.0;0.0;0;0.0;0.0;1;1.0;1.0;1;1.0;1.0;1;1.0;1.0;0;0.0;0.0;0;0.0;0.0;0;0.0;0.0
108;Boris;Douchin;M;1987-06-29;;;;2017;2017-06-11;DIV;DIV;False;False;LREM;False;0;0;0;0;0;0;0;0.0;0.0;0;0.0;0.0;0;0.0;0.0;0;0.0;0.0;0;0.0;0.0;0;0.0;0.0;0;0.0;0.0;0;0.0;0.0;0;0.0;0.0;0;0.0;0.0;0;0.0;0.0;0;0.0;0.0
109;Jean-No�l;Aqua;M;1974-01-01;;;;2017;2017-06-11;COM;NUPES;False;False;LREM;False;0;0;0;0;0;0;0;0.0;0.0;0;0.0;0.0;0;0.0;0.0;0;0.0;0.0;0;0.0;0.0;0;0.0;0.0;0;0.0;0.0;0;0.0;0.0;0;0.0;0.0;0;0.0;0.0;0;0.0;0.0;0;0.0;0.0
110;Corinne;Berthaud;F;1971-04-07;;;;2017;2017-06-11;FN;RN;False;False;LREM;False;0;0;0;0;0;0;0;0.0;0.0;0;0.0;0.0;0;0.0;0.0;0;0.0;0.0;0;0.0;0.0;0;0.0;0.0;0;0.0;0.0;0;0.0;0.0;0;0.0;0.0;0;0.0;0.0;0;0.0;0.0;0;0.0;0.0
67;Laurent;Vinciguerra;M;1975-01-01;;;;2017;2017-06-11;EXG;DXG;False;False;LREM;False;0;0;0;0;0;0;0;0.0;0.0;0;0.0;0.0;0;0.0;0.0;0;0.0;0.0;0;0.0;0.0;0;0.0;0.0;0;0.0;0.0;0;0.0;0.0;0;0.0;0.0;0;0.0;0.0;0;0.0;0.0;0;0.0;0.0
111;Cyrille;Niol;M;1966-10-06;;;;2017;2017-06-11;DVD;DVD;False;False;LREM;False;0;0;0;0;0;0;0;0.0;0.0;0;0.0;0.0;0;0.0;0.0;0;0.0;0.0;0;0.0;0.0;0;0.0;0.0;0;0.0;0.0;0;0.0;0.0;0;0.0;0.0;0;0.0;0.0;0;0.0;0.0;0;0.0;0.0
112;Hippolyte;Peters-desteract;M;1989-05-25;;;;2017;2017-06-11;DIV;DIV;False;False;LREM;False;0;0;0;0;0;0;0;0.0;0.0;0;0.0;0.0;0;0.0;0.0;0;0.0;0.0;0;0.0;0.0;0;0.0;0.0;0;0.0;0.0;0;0.0;0.0;0;0.0;0.0;0;0.0;0.0;0;0.0;0.0;0;0.0;0.0
113;Armelle;Malvoisin;F;1971-10-22;1408546440.0;False;2013-05-01;2017;2017-06-11;DIV;DIV;False;False;LREM;False;0;0;0;0;0;0;0;0.0;0.0;0;0.0;0.0;0;0.0;0.0;0;0.0;0.0;0;0.0;0.0;0;0.0;0.0;0;0.0;0.0;0;0.0;0.0;0;0.0;0.0;0;0.0;0.0;0;0.0;0.0;0;0.0;0.0
114;Bruno;De fromont;M;1960-08-15;;;;2017;2017-06-11;DVD;DVD;False;False;LREM;False;0;0;0;0;0;0;0;0.0;0.0;0;0.0;0.0;0;0.0;0.0;0;0.0;0.0;0;0.0;0.0;0;0.0;0.0;0;0.0;0.0;0;0.0;0.0;0;0.0;0.0;0;0.0;0.0;0;0.0;0.0;0;0.0;0.0
115;Anissa;Ghaidi;F;1984-12-13;711139442.0;False;2012-07-01;2017;2017-06-11;COM;NUPES;False;False;LREM;False;0;0;0;0;0;0;0;0.0;0.0;0;0.0;0.0;0;0.0;0.0;0;0.0;0.0;0;0.0;0.0;0;0.0;0.0;0;0.0;0.0;0;0.0;0.0;0;0.0;0.0;0;0.0;0.0;0;0.0;0.0;0;0.0;0.0
116;Miron;Cusa;M;1976-10-01;158103530.0;False;2010-06-01;2017;2017-06-11;ECO;ECO;False;False;LREM;False;0;0;0;0;0;0;0;0.0;0.0;0;0.0;0.0;0;0.0;0.0;0;0.0;0.0;0;0.0;0.0;0;0.0;0.0;0;0.0;0.0;0;0.0;0.0;0;0.0;0.0;0;0.0;0.0;0;0.0;0.0;0;0.0;0.0
117;Fran�ois;De grailly;M;1946-07-31;;;;2017;2017-06-11;DLF;DSV;False;False;LREM;False;0;0;0;0;0;0;0;0.0;0.0;0;0.0;0.0;0;0.0;0.0;0;0.0;0.0;0;0.0;0.0;0;0.0;0.0;0;0.0;0.0;0;0.0;0.0;0;0.0;0.0;0;0.0;0.0;0;0.0;0.0;0;0.0;0.0
118;Luce;Condamine;F;1962-09-10;;;;2017;2017-06-11;DIV;DIV;False;False;LREM;False;0;0;0;0;0;0;0;0.0;0.0;0;0.0;0.0;0;0.0;0.0;0;0.0;0.0;0;0.0;0.0;0;0.0;0.0;0;0.0;0.0;0;0.0;0.0;0;0.0;0.0;0;0.0;0.0;0;0.0;0.0;0;0.0;0.0
119;Christian;Laurut;M;1946-04-06;;;;2017;2017-06-11;ECO;ECO;False;False;LREM;False;0;0;0;0;0;0;0;0.0;0.0;0;0.0;0.0;0;0.0;0.0;0;0.0;0.0;0;0.0;0.0;0;0.0;0.0;0;0.0;0.0;0;0.0;0.0;0;0.0;0.0;0;0.0;0.0;0;0.0;0.0;0;0.0;0.0
120;Elisabeth;Baston;F;1961-07-30;;;;2017;2017-06-11;FN;RN;False;False;LREM;False;0;0;0;0;0;0;0;0.0;0.0;0;0.0;0.0;0;0.0;0.0;0;0.0;0.0;0;0.0;0.0;0;0.0;0.0;0;0.0;0.0;0;0.0;0.0;0;0.0;0.0;0;0.0;0.0;0;0.0;0.0;0;0.0;0.0
121;Francis;Szpiner;M;1954-03-22;3348869505.0;False;2015-06-01;2017;2017-06-11;LR;LR;False;False;LREM;False;8;8;8;0;0;0;21;19.0;3.0;21;19.0;3.0;21;19.0;3.0;0;0.0;0.0;0;0.0;0.0;0;0.0;0.0;619;317.0;77.0;619;317.0;77.0;619;317.0;77.0;0;0.0;0.0;0;0.0;0.0;0;0.0;0.0
122;Jean-Roch;Sergent;M;1977-01-16;3171514846.0;False;2015-04-01;2017;2017-06-11;UDI;UDI;False;False;LREM;False;0;0;0;0;0;0;0;0.0;0.0;0;0.0;0.0;0;0.0;0.0;0;0.0;0.0;0;0.0;0.0;0;0.0;0.0;0;0.0;0.0;0;0.0;0.0;0;0.0;0.0;0;0.0;0.0;0;0.0;0.0;0;0.0;0.0
123;Marielle;De sarnez;F;1951-03-27;303885267.0;True;2011-05-01;2017;2017-06-11;MDM;MDM;False;False;LREM;True;1;1;1;0;0;0;0;0.0;0.0;0;0.0;0.0;0;0.0;0.0;0;0.0;0.0;0;0.0;0.0;0;0.0;0.0;11;11.0;11.0;11;11.0;11.0;11;11.0;11.0;0;0.0;0.0;0;0.0;0.0;0;0.0;0.0
124;Pascal;Cherki;M;1966-09-01;405919523.0;True;2011-11-01;2017;2017-06-11;SOC;NUPES;True;False;LREM;False;17;17;17;0;0;0;77;25.0;5.0;77;25.0;5.0;77;25.0;5.0;0;0.0;0.0;0;0.0;0.0;0;0.0;0.0;2829;928.0;166.0;2829;928.0;166.0;2829;928.0;166.0;0;0.0;0.0;0;0.0;0.0;0;0.0;0.0
125;Florentin;Letissier;M;1986-02-03;475241371.0;False;2012-06-01;2017;2017-06-11;ECO;ECO;False;False;LREM;False;3;3;3;0;0;0;15;8.0;5.0;15;8.0;5.0;15;8.0;5.0;0;0.0;0.0;0;0.0;0.0;0;0.0;0.0;10;5.0;3.0;10;5.0;3.0;10;5.0;3.0;0;0.0;0.0;0;0.0;0.0;0;0.0;0.0
126;Jean-Pierre;Coulomb;M;1953-03-23;1181535044.0;False;2013-02-01;2017;2017-06-11;FI;NUPES;False;False;LREM;False;0;0;0;0;0;0;0;0.0;0.0;0;0.0;0.0;0;0.0;0.0;0;0.0;0.0;0;0.0;0.0;0;0.0;0.0;0;0.0;0.0;0;0.0;0.0;0;0.0;0.0;0;0.0;0.0;0;0.0;0.0;0;0.0;0.0
127;Marc;Agenis-nevers;M;1983-09-29;;;;2017;2017-06-11;DIV;DIV;False;False;LREM;False;0;0;0;0;0;0;0;0.0;0.0;0;0.0;0.0;0;0.0;0.0;0;0.0;0.0;0;0.0;0.0;0;0.0;0.0;0;0.0;0.0;0;0.0;0.0;0;0.0;0.0;0;0.0;0.0;0;0.0;0.0;0;0.0;0.0
128;Marielle;Blanc-pernin;F;1947-05-14;;;;2017;2017-06-11;ECO;ECO;False;False;LREM;False;0;0;0;0;0;0;0;0.0;0.0;0;0.0;0.0;0;0.0;0.0;0;0.0;0.0;0;0.0;0.0;0;0.0;0.0;0;0.0;0.0;0;0.0;0.0;0;0.0;0.0;0;0.0;0.0;0;0.0;0.0;0;0.0;0.0
129;Anne;Billo�t;F;1998-07-09;;;;2017;2017-06-11;DIV;DIV;False;False;LREM;False;0;0;0;0;0;0;0;0.0;0.0;0;0.0;0.0;0;0.0;0.0;0;0.0;0.0;0;0.0;0.0;0;0.0;0.0;0;0.0;0.0;0;0.0;0.0;0;0.0;0.0;0;0.0;0.0;0;0.0;0.0;0;0.0;0.0
130;Axel;Kahn;M;1944-09-05;514602810.0;False;2012-03-01;2012;2012-06-10;SOC;NUPES;False;False;PS;False;0;0;0;0;0;0;0;0.0;0.0;0;0.0;0.0;0;0.0;0.0;0;0.0;0.0;0;0.0;0.0;0;0.0;0.0;0;0.0;0.0;0;0.0;0.0;0;0.0;0.0;0;0.0;0.0;0;0.0;0.0;0;0.0;0.0
131;V�ronique;Bover sayous;F;1967-07-14;1.0793712618752328e+18;False;2018-12-01;2012;2012-06-10;AUT;DIV;False;False;PS;False;0;0;0;0;0;0;0;0.0;0.0;0;0.0;0.0;0;0.0;0.0;0;0.0;0.0;0;0.0;0.0;0;0.0;0.0;0;0.0;0.0;0;0.0;0.0;0;0.0;0.0;0;0.0;0.0;0;0.0;0.0;0;0.0;0.0
132;Yvan;Blot;M;1948-06-29;1731949717.0;False;2013-09-01;2012;2012-06-10;AUT;DIV;False;False;PS;False;0;0;0;0;0;0;0;0.0;0.0;0;0.0;0.0;0;0.0;0.0;0;0.0;0.0;0;0.0;0.0;0;0.0;0.0;0;0.0;0.0;0;0.0;0.0;0;0.0;0.0;0;0.0;0.0;0;0.0;0.0;0;0.0;0.0
133;Lassina;Traore;M;1980-01-26;;;;2012;2012-06-10;AUT;DIV;False;False;PS;False;0;0;0;0;0;0;0;0.0;0.0;0;0.0;0.0;0;0.0;0.0;0;0.0;0.0;0;0.0;0.0;0;0.0;0.0;0;0.0;0.0;0;0.0;0.0;0;0.0;0.0;0;0.0;0.0;0;0.0;0.0;0;0.0;0.0
134;Stella;Rebot;F;1948-05-05;;;;2012;2012-06-10;DVD;DVD;False;False;PS;False;0;0;0;0;0;0;0;0.0;0.0;0;0.0;0.0;0;0.0;0.0;0;0.0;0.0;0;0.0;0.0;0;0.0;0.0;0;0.0;0.0;0;0.0;0.0;0;0.0;0.0;0;0.0;0.0;0;0.0;0.0;0;0.0;0.0
135;Chantal;Cottet;F;1949-11-10;;;;2012;2012-06-10;AUT;DIV;False;False;PS;False;0;0;0;0;0;0;0;0.0;0.0;0;0.0;0.0;0;0.0;0.0;0;0.0;0.0;0;0.0;0.0;0;0.0;0.0;0;0.0;0.0;0;0.0;0.0;0;0.0;0.0;0;0.0;0.0;0;0.0;0.0;0;0.0;0.0
136;Marc;Le tanneur;M;1961-07-09;;;;2012;2012-06-10;FN;RN;False;False;PS;False;0;0;0;0;0;0;0;0.0;0.0;0;0.0;0.0;0;0.0;0.0;0;0.0;0.0;0;0.0;0.0;0;0.0;0.0;0;0.0;0.0;0;0.0;0.0;0;0.0;0.0;0;0.0;0.0;0;0.0;0.0;0;0.0;0.0
137;Amar;Bellal;M;1975-01-17;2715139650.0;False;2015-06-01;2012;2012-06-10;FG;NUPES;False;False;PS;False;0;0;0;0;0;0;0;0.0;0.0;0;0.0;0.0;0;0.0;0.0;0;0.0;0.0;0;0.0;0.0;0;0.0;0.0;0;0.0;0.0;0;0.0;0.0;0;0.0;0.0;0;0.0;0.0;0;0.0;0.0;0;0.0;0.0
138;Christophe;Darmangeat;M;1965-01-01;494102722.0;False;2012-02-01;2012;2012-06-10;EXG;DXG;False;False;PS;False;0;0;0;0;0;0;0;0.0;0.0;0;0.0;0.0;0;0.0;0.0;0;0.0;0.0;0;0.0;0.0;0;0.0;0.0;0;0.0;0.0;0;0.0;0.0;0;0.0;0.0;0;0.0;0.0;0;0.0;0.0;0;0.0;0.0
139;Anne-Sophie;Godfroy-genin;F;1969-09-11;54262687.0;False;2009-07-01;2012;2012-06-10;CEN;MDM;False;False;PS;False;0;0;0;0;0;0;0;0.0;0.0;0;0.0;0.0;0;0.0;0.0;0;0.0;0.0;0;0.0;0.0;0;0.0;0.0;0;0.0;0.0;0;0.0;0.0;0;0.0;0.0;0;0.0;0.0;0;0.0;0.0;0;0.0;0.0
140;Alix;Fourier;F;1984-03-09;;;;2012;2012-06-10;DVD;DVD;False;False;PS;False;0;0;0;0;0;0;0;0.0;0.0;0;0.0;0.0;0;0.0;0.0;0;0.0;0.0;0;0.0;0.0;0;0.0;0.0;0;0.0;0.0;0;0.0;0.0;0;0.0;0.0;0;0.0;0.0;0;0.0;0.0;0;0.0;0.0
83;Nicolas;Rousseaux;M;1976-11-17;40967152.0;False;2009-05-01;2012;2012-06-10;DVD;DVD;False;False;PS;False;1;0;0;0;0;0;0;0.0;0.0;0;0.0;0.0;0;0.0;0.0;0;0.0;0.0;0;0.0;0.0;0;0.0;0.0;0;0.0;0.0;0;0.0;0.0;0;0.0;0.0;0;0.0;0.0;0;0.0;0.0;0;0.0;0.0
141;Laurent;Audouin;M;1974-07-17;113982114.0;;2010-02-01;2012;2012-06-10;VEC;NUPES;False;False;PS;False;23;23;7;0;0;0;0;0.0;0.0;0;0.0;0.0;0;0.0;0.0;0;0.0;0.0;0;0.0;0.0;0;0.0;0.0;14;3.0;1.0;14;3.0;1.0;4;3.0;1.0;0;0.0;0.0;0;0.0;0.0;0;0.0;0.0
142;Fran�ois;Fillon;M;1954-03-04;551669623.0;True;2012-04-01;2012;2012-06-10;UMP;LR;False;False;PS;True;0;0;0;0;0;0;0;0.0;0.0;0;0.0;0.0;0;0.0;0.0;0;0.0;0.0;0;0.0;0.0;0;0.0;0.0;0;0.0;0.0;0;0.0;0.0;0;0.0;0.0;0;0.0;0.0;0;0.0;0.0;0;0.0;0.0
143;Farid;Debah;M;1976-07-19;43882956.0;False;2009-06-01;2012;2012-06-10;AUT;DIV;False;False;PS;False;3;1;1;0;0;0;0;0.0;0.0;0;0.0;0.0;0;0.0;0.0;0;0.0;0.0;0;0.0;0.0;0;0.0;0.0;0;0.0;0.0;0;0.0;0.0;0;0.0;0.0;0;0.0;0.0;0;0.0;0.0;0;0.0;0.0
144;Guillaume;Lance;M;1976-03-22;;;;2012;2012-06-10;DVD;DVD;False;False;PS;False;0;0;0;0;0;0;0;0.0;0.0;0;0.0;0.0;0;0.0;0.0;0;0.0;0.0;0;0.0;0.0;0;0.0;0.0;0;0.0;0.0;0;0.0;0.0;0;0.0;0.0;0;0.0;0.0;0;0.0;0.0;0;0.0;0.0
145;Cl�ment;Deflandre;M;1986-08-17;;;;2012;2012-06-10;DVG;DVG;False;False;PS;False;0;0;0;0;0;0;0;0.0;0.0;0;0.0;0.0;0;0.0;0.0;0;0.0;0.0;0;0.0;0.0;0;0.0;0.0;0;0.0;0.0;0;0.0;0.0;0;0.0;0.0;0;0.0;0.0;0;0.0;0.0;0;0.0;0.0
146;Gilles;Moisan de kerbino;M;1959-12-18;;;;2012;2012-06-10;DVD;DVD;False;False;PS;False;0;0;0;0;0;0;0;0.0;0.0;0;0.0;0.0;0;0.0;0.0;0;0.0;0.0;0;0.0;0.0;0;0.0;0.0;0;0.0;0.0;0;0.0;0.0;0;0.0;0.0;0;0.0;0.0;0;0.0;0.0;0;0.0;0.0
147;Caroline;De braquilanges;F;1977-06-26;;;;2012;2012-06-10;DVD;DVD;False;False;PS;False;0;0;0;0;0;0;0;0.0;0.0;0;0.0;0.0;0;0.0;0.0;0;0.0;0.0;0;0.0;0.0;0;0.0;0.0;0;0.0;0.0;0;0.0;0.0;0;0.0;0.0;0;0.0;0.0;0;0.0;0.0;0;0.0;0.0
148;Emmanuel;Dehu;M;1967-02-26;;;;2012;2012-06-10;EXG;DXG;False;False;PS;False;0;0;0;0;0;0;0;0.0;0.0;0;0.0;0.0;0;0.0;0.0;0;0.0;0.0;0;0.0;0.0;0;0.0;0.0;0;0.0;0.0;0;0.0;0.0;0;0.0;0.0;0;0.0;0.0;0;0.0;0.0;0;0.0;0.0
149;Jean-Marie;Le guen;M;1953-01-03;369423300.0;True;2011-09-01;2012;2012-06-10;SOC;NUPES;False;False;PS;True;3;3;1;0;0;0;0;0.0;0.0;0;0.0;0.0;0;0.0;0.0;0;0.0;0.0;0;0.0;0.0;0;0.0;0.0;15;10.0;5.0;15;10.0;5.0;2;2.0;2.0;0;0.0;0.0;0;0.0;0.0;0;0.0;0.0
150;Gilles;Chehade;M;1981-02-03;;;;2012;2012-06-10;AUT;DIV;False;False;PS;False;0;0;0;0;0;0;0;0.0;0.0;0;0.0;0.0;0;0.0;0.0;0;0.0;0.0;0;0.0;0.0;0;0.0;0.0;0;0.0;0.0;0;0.0;0.0;0;0.0;0.0;0;0.0;0.0;0;0.0;0.0;0;0.0;0.0
151;Cyprien;Bisot;M;1990-05-09;;;;2012;2012-06-10;AUT;DIV;False;False;PS;False;0;0;0;0;0;0;0;0.0;0.0;0;0.0;0.0;0;0.0;0.0;0;0.0;0.0;0;0.0;0.0;0;0.0;0.0;0;0.0;0.0;0;0.0;0.0;0;0.0;0.0;0;0.0;0.0;0;0.0;0.0;0;0.0;0.0
152;Gr�gory;Auda;M;1975-02-08;;;;2012;2012-06-10;DVG;DVG;False;False;PS;False;0;0;0;0;0;0;0;0.0;0.0;0;0.0;0.0;0;0.0;0.0;0;0.0;0.0;0;0.0;0.0;0;0.0;0.0;0;0.0;0.0;0;0.0;0.0;0;0.0;0.0;0;0.0;0.0;0;0.0;0.0;0;0.0;0.0
153;Pierre;Gallois;M;1984-04-10;;;;2012;2012-06-10;DVD;DVD;False;False;PS;False;0;0;0;0;0;0;0;0.0;0.0;0;0.0;0.0;0;0.0;0.0;0;0.0;0.0;0;0.0;0.0;0;0.0;0.0;0;0.0;0.0;0;0.0;0.0;0;0.0;0.0;0;0.0;0.0;0;0.0;0.0;0;0.0;0.0
154;David;Boulle;M;1981-09-06;;;;2012;2012-06-10;EXG;DXG;False;False;PS;False;0;0;0;0;0;0;0;0.0;0.0;0;0.0;0.0;0;0.0;0.0;0;0.0;0.0;0;0.0;0.0;0;0.0;0.0;0;0.0;0.0;0;0.0;0.0;0;0.0;0.0;0;0.0;0.0;0;0.0;0.0;0;0.0;0.0
155;Karim;Choulak;M;1968-12-14;;;;2012;2012-06-10;EXG;DXG;False;False;PS;False;0;0;0;0;0;0;0;0.0;0.0;0;0.0;0.0;0;0.0;0.0;0;0.0;0.0;0;0.0;0.0;0;0.0;0.0;0;0.0;0.0;0;0.0;0.0;0;0.0;0.0;0;0.0;0.0;0;0.0;0.0;0;0.0;0.0
156;Catherine;Creton;F;1969-06-22;;;;2012;2012-06-10;FN;RN;False;False;PS;False;0;0;0;0;0;0;0;0.0;0.0;0;0.0;0.0;0;0.0;0.0;0;0.0;0.0;0;0.0;0.0;0;0.0;0.0;0;0.0;0.0;0;0.0;0.0;0;0.0;0.0;0;0.0;0.0;0;0.0;0.0;0;0.0;0.0
128;Marielle;Blanc-pernin;F;1947-05-14;;;;2012;2012-06-10;ECO;ECO;False;False;PS;False;0;0;0;0;0;0;0;0.0;0.0;0;0.0;0.0;0;0.0;0.0;0;0.0;0.0;0;0.0;0.0;0;0.0;0.0;0;0.0;0.0;0;0.0;0.0;0;0.0;0.0;0;0.0;0.0;0;0.0;0.0;0;0.0;0.0
157;Guillaume;Fillon;M;1972-10-08;53101892.0;False;2009-07-01;2012;2012-06-10;VEC;NUPES;False;False;PS;False;0;0;0;0;0;0;0;0.0;0.0;0;0.0;0.0;0;0.0;0.0;0;0.0;0.0;0;0.0;0.0;0;0.0;0.0;0;0.0;0.0;0;0.0;0.0;0;0.0;0.0;0;0.0;0.0;0;0.0;0.0;0;0.0;0.0
158;Emmanuelle;Becker;F;1983-07-15;23807076.0;False;2009-03-01;2012;2012-06-10;FG;NUPES;False;False;PS;False;0;0;0;0;0;0;0;0.0;0.0;0;0.0;0.0;0;0.0;0.0;0;0.0;0.0;0;0.0;0.0;0;0.0;0.0;0;0.0;0.0;0;0.0;0.0;0;0.0;0.0;0;0.0;0.0;0;0.0;0.0;0;0.0;0.0
159;Fadila;Mehal;F;1954-07-30;341249031.0;False;2011-07-01;2012;2012-06-10;CEN;MDM;False;False;PS;False;0;0;0;0;0;0;0;0.0;0.0;0;0.0;0.0;0;0.0;0.0;0;0.0;0.0;0;0.0;0.0;0;0.0;0.0;0;0.0;0.0;0;0.0;0.0;0;0.0;0.0;0;0.0;0.0;0;0.0;0.0;0;0.0;0.0
160;Cl�mence;Hebert;F;1986-07-28;;;;2012;2012-06-10;DVD;DVD;False;False;PS;False;0;0;0;0;0;0;0;0.0;0.0;0;0.0;0.0;0;0.0;0.0;0;0.0;0.0;0;0.0;0.0;0;0.0;0.0;0;0.0;0.0;0;0.0;0.0;0;0.0;0.0;0;0.0;0.0;0;0.0;0.0;0;0.0;0.0
161;Mariz;Lechesne;F;1955-10-01;1259868648.0;False;2013-03-01;2012;2012-06-10;PRV;PRV;False;False;PS;False;0;0;0;0;0;0;0;0.0;0.0;0;0.0;0.0;0;0.0;0.0;0;0.0;0.0;0;0.0;0.0;0;0.0;0.0;0;0.0;0.0;0;0.0;0.0;0;0.0;0.0;0;0.0;0.0;0;0.0;0.0;0;0.0;0.0
162;Anne-Sophie;Souhaite;F;1981-08-04;;;;2012;2012-06-10;UMP;LR;False;False;PS;False;0;0;0;0;0;0;0;0.0;0.0;0;0.0;0.0;0;0.0;0.0;0;0.0;0.0;0;0.0;0.0;0;0.0;0.0;0;0.0;0.0;0;0.0;0.0;0;0.0;0.0;0;0.0;0.0;0;0.0;0.0;0;0.0;0.0
163;Claire;Coutau-begarie;F;1962-05-01;;;;2012;2012-06-10;FN;RN;False;False;PS;False;0;0;0;0;0;0;0;0.0;0.0;0;0.0;0.0;0;0.0;0.0;0;0.0;0.0;0;0.0;0.0;0;0.0;0.0;0;0.0;0.0;0;0.0;0.0;0;0.0;0.0;0;0.0;0.0;0;0.0;0.0;0;0.0;0.0
164;Jean-No�l;Benoit;M;1964-12-19;;;;2012;2012-06-10;ECO;ECO;False;False;PS;False;0;0;0;0;0;0;0;0.0;0.0;0;0.0;0.0;0;0.0;0.0;0;0.0;0.0;0;0.0;0.0;0;0.0;0.0;0;0.0;0.0;0;0.0;0.0;0;0.0;0.0;0;0.0;0.0;0;0.0;0.0;0;0.0;0.0
165;Marianne;Picard;F;1977-02-13;;;;2012;2012-06-10;DVG;DVG;False;False;PS;False;0;0;0;0;0;0;0;0.0;0.0;0;0.0;0.0;0;0.0;0.0;0;0.0;0.0;0;0.0;0.0;0;0.0;0.0;0;0.0;0.0;0;0.0;0.0;0;0.0;0.0;0;0.0;0.0;0;0.0;0.0;0;0.0;0.0
166;Maxime-Valery;Muller;M;1987-01-10;;;;2012;2012-06-10;ECO;ECO;False;False;PS;False;0;0;0;0;0;0;0;0.0;0.0;0;0.0;0.0;0;0.0;0.0;0;0.0;0.0;0;0.0;0.0;0;0.0;0.0;0;0.0;0.0;0;0.0;0.0;0;0.0;0.0;0;0.0;0.0;0;0.0;0.0;0;0.0;0.0
167;Philippe;Pejo;M;1968-04-10;551891134.0;False;2012-04-01;2012;2012-06-10;PRV;PRV;False;False;PS;False;0;0;0;0;0;0;0;0.0;0.0;0;0.0;0.0;0;0.0;0.0;0;0.0;0.0;0;0.0;0.0;0;0.0;0.0;0;0.0;0.0;0;0.0;0.0;0;0.0;0.0;0;0.0;0.0;0;0.0;0.0;0;0.0;0.0
168;C�lia;Blauel;F;1981-11-10;484013613.0;False;2012-02-01;2012;2012-06-10;VEC;NUPES;False;False;PS;False;0;0;0;0;0;0;0;0.0;0.0;0;0.0;0.0;0;0.0;0.0;0;0.0;0.0;0;0.0;0.0;0;0.0;0.0;0;0.0;0.0;0;0.0;0.0;0;0.0;0.0;0;0.0;0.0;0;0.0;0.0;0;0.0;0.0
49;Jean-Pierre;Lecoq;M;1954-07-18;539156968.0;False;2012-03-01;2012;2012-06-10;UMP;LR;False;False;PS;False;0;0;0;0;0;0;0;0.0;0.0;0;0.0;0.0;0;0.0;0.0;0;0.0;0.0;0;0.0;0.0;0;0.0;0.0;0;0.0;0.0;0;0.0;0.0;0;0.0;0.0;0;0.0;0.0;0;0.0;0.0;0;0.0;0.0
169;Florine;Wong;F;1987-11-21;;;;2012;2012-06-10;EXG;DXG;False;False;PS;False;0;0;0;0;0;0;0;0.0;0.0;0;0.0;0.0;0;0.0;0.0;0;0.0;0.0;0;0.0;0.0;0;0.0;0.0;0;0.0;0.0;0;0.0;0.0;0;0.0;0.0;0;0.0;0.0;0;0.0;0.0;0;0.0;0.0
170;Laurent;Duffault;M;1967-07-01;;;;2012;2012-06-10;NCE;NCE;False;False;PS;False;0;0;0;0;0;0;0;0.0;0.0;0;0.0;0.0;0;0.0;0.0;0;0.0;0.0;0;0.0;0.0;0;0.0;0.0;0;0.0;0.0;0;0.0;0.0;0;0.0;0.0;0;0.0;0.0;0;0.0;0.0;0;0.0;0.0
171;Charles-Henri;Bernard;M;1987-06-08;;;;2012;2012-06-10;DVD;DVD;False;False;PS;False;0;0;0;0;0;0;0;0.0;0.0;0;0.0;0.0;0;0.0;0.0;0;0.0;0.0;0;0.0;0.0;0;0.0;0.0;0;0.0;0.0;0;0.0;0.0;0;0.0;0.0;0;0.0;0.0;0;0.0;0.0;0;0.0;0.0
172;Fr�d�ric;Cella;M;1967-10-26;;;;2012;2012-06-10;AUT;DIV;False;False;PS;False;0;0;0;0;0;0;0;0.0;0.0;0;0.0;0.0;0;0.0;0.0;0;0.0;0.0;0;0.0;0.0;0;0.0;0.0;0;0.0;0.0;0;0.0;0.0;0;0.0;0.0;0;0.0;0.0;0;0.0;0.0;0;0.0;0.0
67;Laurent;Vinciguerra;M;1975-01-01;;;;2012;2012-06-10;EXG;DXG;False;False;PS;False;0;0;0;0;0;0;0;0.0;0.0;0;0.0;0.0;0;0.0;0.0;0;0.0;0.0;0;0.0;0.0;0;0.0;0.0;0;0.0;0.0;0;0.0;0.0;0;0.0;0.0;0;0.0;0.0;0;0.0;0.0;0;0.0;0.0
173;Jean-Fran�ois;Martins;M;1981-12-10;16735892.0;True;2008-10-01;2012;2012-06-10;CEN;MDM;False;False;PS;False;0;0;0;0;0;0;0;0.0;0.0;0;0.0;0.0;0;0.0;0.0;0;0.0;0.0;0;0.0;0.0;0;0.0;0.0;0;0.0;0.0;0;0.0;0.0;0;0.0;0.0;0;0.0;0.0;0;0.0;0.0;0;0.0;0.0
174;Dominique;Mahe;F;1957-10-16;3235903504.0;True;2015-05-01;2012;2012-06-10;DVD;DVD;False;False;PS;False;0;0;0;0;0;0;0;0.0;0.0;0;0.0;0.0;0;0.0;0.0;0;0.0;0.0;0;0.0;0.0;0;0.0;0.0;0;0.0;0.0;0;0.0;0.0;0;0.0;0.0;0;0.0;0.0;0;0.0;0.0;0;0.0;0.0
116;Miron;Cusa;M;1976-10-01;158103530.0;False;2010-06-01;2012;2012-06-10;ECO;ECO;False;False;PS;False;45;41;22;0;0;2;1;1.0;0.0;1;1.0;0.0;1;1.0;0.0;0;0.0;0.0;0;0.0;0.0;0;0.0;0.0;48;23.0;1.0;48;23.0;1.0;19;16.0;1.0;0;0.0;0.0;0;0.0;0.0;0;0.0;0.0
124;Pascal;Cherki;M;1966-09-01;405919523.0;True;2011-11-01;2012;2012-06-10;SOC;NUPES;False;False;PS;True;0;0;0;0;0;0;0;0.0;0.0;0;0.0;0.0;0;0.0;0.0;0;0.0;0.0;0;0.0;0.0;0;0.0;0.0;0;0.0;0.0;0;0.0;0.0;0;0.0;0.0;0;0.0;0.0;0;0.0;0.0;0;0.0;0.0
175;Dominique;Nogueres;F;1947-12-11;;;;2012;2012-06-10;FG;NUPES;False;False;PS;False;0;0;0;0;0;0;0;0.0;0.0;0;0.0;0.0;0;0.0;0.0;0;0.0;0.0;0;0.0;0.0;0;0.0;0.0;0;0.0;0.0;0;0.0;0.0;0;0.0;0.0;0;0.0;0.0;0;0.0;0.0;0;0.0;0.0
